{
  "products": [
    {
      "id": "1",
      "name": "Gaming Laptop Pro Max",
      "slug": "gaming-laptop-pro-max",
      "price": 1599,
      "comparePrice": 1899,
      "description": "High-end gaming laptop with maximum performance for the best gaming experience. Equipped with the latest processor and dedicated graphics card.",
      "shortDescription": "Gaming laptop with RTX 4080 and Intel Core i9",
      "category": "Electronics",
      "subcategory": "Laptops",
      "brand": "GamingTech",
      "sku": "LTP-GM-001",
      "stock": 15,
      "rating": 4.5,
      "reviews": 128,
      "images": [
        "https://images.unsplash.com/photo-1496181133206-80ce9b88a853?w=800&h=600&fit=crop",
        "https://images.unsplash.com/photo-1593642632823-8f785ba67e45?w=800&h=600&fit=crop",
        "https://images.unsplash.com/photo-1496181133206-80ce9b88a853?w=800&h=600&fit=crop",
        "https://images.unsplash.com/photo-1593642632823-8f785ba67e45?w=800&h=600&fit=crop"
      ],
      "badge": "Best Seller",
      "tags": ["gaming", "laptop", "high-performance", "rtx-4080"],
      "specifications": {
        "Processor": "Intel Core i9-13900HX",
        "RAM": "32GB DDR5",
        "Storage": "1TB NVMe SSD",
        "GPU": "NVIDIA RTX 4080",
        "Display": "17.3\" QHD 165Hz",
        "Battery": "90Wh",
        "Weight": "2.8kg",
        "OS": "Windows 11 Pro"
      },
      "features": [
        "RGB Keyboard with per-key lighting",
        "Advanced cooling system",
        "Thunderbolt 4 support",
        "Wi-Fi 6E connectivity",
        "HD Webcam with privacy shutter",
        "Dolby Atmos speakers"
      ],
      "weight": 2800,
      "dimensions": {
        "length": 39.6,
        "width": 26.1,
        "height": 2.5
      },
      "isActive": true,
      "featured": true,
      "createdAt": "2024-01-15T10:00:00Z",
      "updatedAt": "2024-01-20T15:30:00Z"
    },
    {
      "id": "2",
      "name": "Premium Smartphone 5G",
      "slug": "premium-smartphone-5g",
      "price": 899,
      "comparePrice": 1099,
      "description": "Flagship smartphone with professional camera and high performance. Equipped with 120Hz AMOLED display and latest chipset.",
      "shortDescription": "5G smartphone with 108MP camera and AMOLED display",
      "category": "Electronics",
      "subcategory": "Smartphones",
      "brand": "TechMobile",
      "sku": "SPM-5G-002",
      "stock": 25,
      "rating": 4.8,
      "reviews": 89,
      "images": [
        "https://images.unsplash.com/photo-1511707171634-5f897ff02aa9?w=800&h=600&fit=crop",
        "https://images.unsplash.com/photo-1580910051074-3eb694886505?w=800&h=600&fit=crop",
        "https://images.unsplash.com/photo-1511707171634-5f897ff02aa9?w=800&h=600&fit=crop"
      ],
      "badge": "Hot Deal",
      "tags": ["smartphone", "5g", "camera", "flagship"],
      "specifications": {
        "Processor": "Snapdragon 8 Gen 2",
        "RAM": "12GB",
        "Storage": "256GB",
        "Display": "6.7\" AMOLED 120Hz",
        "Camera": "108MP + 12MP + 8MP",
        "Battery": "5000mAh",
        "OS": "Android 13"
      },
      "features": [
        "5G connectivity",
        "Wireless charging",
        "IP68 water resistance",
        "Dual SIM support",
        "Face unlock & fingerprint",
        "8K video recording"
      ],
      "weight": 195,
      "dimensions": {
        "length": 16.4,
        "width": 7.6,
        "height": 0.8
      },
      "isActive": true,
      "featured": true,
      "createdAt": "2024-01-10T08:00:00Z",
      "updatedAt": "2024-01-18T12:00:00Z"
    },
    {
      "id": "3",
      "name": "Premium Wireless Headphones",
      "slug": "premium-wireless-headphones",
      "price": 249,
      "comparePrice": 299,
      "description": "Premium wireless headphones with noise cancellation and studio-quality audio. Equipped with up to 30 hours battery life.",
      "shortDescription": "ANC headphones with studio-quality audio",
      "category": "Electronics",
      "subcategory": "Audio",
      "brand": "SoundPro",
      "sku": "WHP-ANC-003",
      "stock": 40,
      "rating": 4.6,
      "reviews": 203,
      "images": [
        "https://images.unsplash.com/photo-1505740420928-5e560c06d30e?w=800&h=600&fit=crop",
        "https://images.unsplash.com/photo-1484704849700-f032a568e944?w=800&h=600&fit=crop"
      ],
      "tags": ["headphone", "wireless", "anc", "audio"],
      "specifications": {
        "Driver": "40mm dynamic",
        "Frequency": "20Hz - 20kHz",
        "Battery": "30 hours",
        "Charging": "USB-C Fast Charging",
        "Connectivity": "Bluetooth 5.2",
        "Weight": "250g"
      },
      "features": [
        "Active Noise Cancellation",
        "Transparency mode",
        "Spatial audio",
        "Multi-device connection",
        "Voice assistant support",
        "Foldable design"
      ],
      "weight": 250,
      "dimensions": {
        "length": 18,
        "width": 15,
        "height": 8
      },
      "isActive": true,
      "featured": false,
      "createdAt": "2024-01-12T14:00:00Z",
      "updatedAt": "2024-01-19T09:00:00Z"
    },
    {
      "id": "4",
      "name": "Ultra Smart Watch",
      "slug": "ultra-smart-watch",
      "price": 499,
      "comparePrice": 599,
      "description": "Premium smartwatch with complete health features and built-in GPS. Water resistant up to 100 meters.",
      "shortDescription": "Smartwatch with GPS and health monitoring",
      "category": "Electronics",
      "subcategory": "Wearables",
      "brand": "FitTech",
      "sku": "SWU-GPS-004",
      "stock": 30,
      "rating": 4.7,
      "reviews": 156,
      "images": [
        "https://images.unsplash.com/photo-1523275335684-37898b6baf30?w=800&h=600&fit=crop",
        "https://images.unsplash.com/photo-1546868871-7041f2a55e12?w=800&h=600&fit=crop"
      ],
      "badge": "New",
      "tags": ["smartwatch", "fitness", "gps", "health"],
      "specifications": {
        "Display": "1.9\" AMOLED",
        "Battery": "7 days typical use",
        "Water Resistance": "100m",
        "GPS": "Built-in GPS + GLONASS",
        "Sensors": "Heart rate, SpO2, Sleep tracking",
        "Compatibility": "iOS & Android"
      },
      "features": [
        "Heart rate monitoring",
        "Sleep tracking",
        "GPS navigation",
        "Water resistance 100m",
        "NFC payments",
        "Music control"
      ],
      "weight": 54,
      "dimensions": {
        "length": 4.4,
        "width": 3.8,
        "height": 1.4
      },
      "isActive": true,
      "featured": true,
      "createdAt": "2024-01-20T10:00:00Z",
      "updatedAt": "2024-01-20T10:00:00Z"
    },
    {
      "id": "5",
      "name": "Men's Premium Dress Shirt",
      "slug": "mens-premium-dress-shirt",
      "price": 79,
      "comparePrice": 99,
      "description": "Premium men's dress shirt with selected cotton material and modern design. Comfortable for daily wear or formal events.",
      "shortDescription": "Premium cotton dress shirt with modern design",
      "category": "Men's Fashion",
      "subcategory": "Shirts",
      "brand": "StyleMan",
      "sku": "KMP-COT-005",
      "stock": 50,
      "rating": 4.3,
      "reviews": 67,
      "images": [
        "https://images.unsplash.com/photo-1596755094514-f87e34085b2c?w=800&h=600&fit=crop",
        "https://images.unsplash.com/photo-1620012253295-c15cc3e65df4?w=800&h=600&fit=crop"
      ],
      "tags": ["shirt", "formal", "cotton", "men"],
      "specifications": {
        "Material": "100% Cotton",
        "Care": "Machine washable",
        "Fit": "Slim fit",
        "Available Sizes": "S, M, L, XL, XXL"
      },
      "features": [
        "Premium cotton material",
        "Slim fit design",
        "Easy to care",
        "Multiple colors available",
        "Breathable fabric"
      ],
      "weight": 200,
      "dimensions": {
        "length": 72,
        "width": 55,
        "height": 2
      },
      "isActive": true,
      "featured": false,
      "createdAt": "2024-01-08T11:00:00Z",
      "updatedAt": "2024-01-17T16:00:00Z"
    },
    {
      "id": "6",
      "name": "Professional Running Shoes",
      "slug": "professional-running-shoes",
      "price": 129,
      "comparePrice": 159,
      "description": "Professional running shoes with latest cushioning technology and aerodynamic design. Ideal for marathon and daily running.",
      "shortDescription": "Running shoes with premium cushioning",
      "category": "Sports",
      "subcategory": "Footwear",
      "brand": "RunPro",
      "sku": "SRP-CUS-006",
      "stock": 35,
      "rating": 4.6,
      "reviews": 234,
      "images": [
        "https://images.unsplash.com/photo-1542291026-7eec264c27ff?w=800&h=600&fit=crop",
        "https://images.unsplash.com/photo-1606107557195-0e29a4b5b4aa?w=800&h=600&fit=crop"
      ],
      "tags": ["running", "shoes", "sport", "marathon"],
      "specifications": {
        "Material": "Mesh + Rubber",
        "Cushioning": "Advanced foam technology",
        "Weight": "280g",
        "Drop": "8mm",
        "Available Sizes": "39-46"
      },
      "features": [
        "Advanced cushioning",
        "Breathable mesh upper",
        "Durable rubber outsole",
        "Lightweight design",
        "Improved energy return"
      ],
      "weight": 280,
      "dimensions": {
        "length": 30,
        "width": 12,
        "height": 10
      },
      "isActive": true,
      "featured": true,
      "createdAt": "2024-01-14T09:00:00Z",
      "updatedAt": "2024-01-21T13:00:00Z"
    },
    {
      "id": "7",
      "name": "Women's Elegant Handbag",
      "slug": "womens-elegant-handbag",
      "price": 189,
      "comparePrice": 239,
      "description": "Elegant women's handbag with premium design and high-quality material. Suitable for various formal and casual events.",
      "shortDescription": "Premium women's handbag with elegant design",
      "category": "Women's Fashion",
      "subcategory": "Handbags",
      "brand": "ElegantStyle",
      "sku": "TWE-PRS-007",
      "stock": 20,
      "rating": 4.4,
      "reviews": 145,
      "images": [
        "https://images.unsplash.com/photo-1553062407-98eeb64c6a62?w=800&h=600&fit=crop",
        "https://images.unsplash.com/photo-1584917875444-7021a3466957?w=800&h=600&fit=crop"
      ],
      "tags": ["handbag", "women", "elegant", "formal"],
      "specifications": {
        "Material": "Genuine leather",
        "Dimensions": "30cm x 20cm x 10cm",
        "Compartments": "Main + 2 side pockets",
        "Closure": "Magnetic clasp"
      },
      "features": [
        "Genuine leather material",
        "Multiple compartments",
        "Adjustable strap",
        "Elegant design",
        "Durable construction"
      ],
      "weight": 800,
      "dimensions": {
        "length": 30,
        "width": 20,
        "height": 10
      },
      "isActive": true,
      "featured": false,
      "createdAt": "2024-01-11T15:00:00Z",
      "updatedAt": "2024-01-19T11:00:00Z"
    },
    {
      "id": "8",
      "name": "Premium Vitamin C",
      "slug": "premium-vitamin-c",
      "price": 29,
      "comparePrice": 39,
      "description": "Premium vitamin C supplement with special formula to boost body immunity. Contains 1000mg vitamin C per tablet.",
      "shortDescription": "1000mg Vitamin C for body immunity",
      "category": "Health & Beauty",
      "subcategory": "Supplements",
      "brand": "HealthPlus",
      "sku": "VCP-1000-008",
      "stock": 100,
      "rating": 4.7,
      "reviews": 89,
      "images": [
        "https://images.unsplash.com/photo-1594026112284-02bb6fb3d543?w=800&h=600&fit=crop",
        "https://images.unsplash.com/photo-1571019613454-1cb2f99b2d8b?w=800&h=600&fit=crop"
      ],
      "tags": ["vitamin", "supplement", "health", "immunity"],
      "specifications": {
        "Content": "1000mg Vitamin C per tablet",
        "Packaging": "60 tablets",
        "Form": "Chewable tablets",
        "Flavor": "Orange"
      },
      "features": [
        "High potency vitamin C",
        "Immune system support",
        "Antioxidant properties",
        "Easy to consume",
        "Natural orange flavor"
      ],
      "weight": 150,
      "dimensions": {
        "length": 8,
        "width": 8,
        "height": 12
      },
      "isActive": true,
      "featured": false,
      "createdAt": "2024-01-16T13:00:00Z",
      "updatedAt": "2024-01-22T10:00:00Z"
    }
  ],
  "categories": [
    {
      "id": "electronics",
      "name": "Electronics",
      "slug": "electronics",
      "description": "Latest and most complete electronic products",
      "image": "https://images.unsplash.com/photo-1498049794561-7780e7231661?w=300&h=200&fit=crop",
      "productCount": 4,
      "isActive": true
    },
    {
      "id": "mens-fashion",
      "name": "Men's Fashion",
      "slug": "mens-fashion",
      "description": "Modern men's fashion and accessories",
      "image": "https://images.unsplash.com/photo-1441986300917-64674bd600d8?w=300&h=200&fit=crop",
      "productCount": 1,
      "isActive": true
    },
    {
      "id": "womens-fashion",
      "name": "Women's Fashion",
      "slug": "womens-fashion",
      "description": "Trendy women's fashion and accessories",
      "image": "https://images.unsplash.com/photo-1483985988355-763728e1935b?w=300&h=200&fit=crop",
      "productCount": 1,
      "isActive": true
    },
    {
      "id": "health-beauty",
      "name": "Health & Beauty",
      "slug": "health-beauty",
      "description": "Health products and supplements",
      "image": "https://images.unsplash.com/photo-1559757148-5c350d0d3c56?w=300&h=200&fit=crop",
      "productCount": 1,
      "isActive": true
    },
    {
      "id": "sports",
      "name": "Sports",
      "slug": "sports",
      "description": "Sports equipment and fitness gear",
      "image": "https://images.unsplash.com/photo-1571019613454-1cb2f99b2d8b?w=300&h=200&fit=crop",
      "productCount": 2,
      "isActive": true
    }
  ]
}